league,market,match_date,match_time,home_team,away_team,dk_home_american,dk_draw_american,dk_away_american
soccer,epl,02/21/2026,Sat Feb 21st 10:00 AM,Chelsea,Burnley,-450,+600,+1000
soccer,epl,02/21/2026,Sat Feb 21st 10:00 AM,Aston Villa,Leeds United,-120,+270,+340
soccer,epl,02/21/2026,Sat Feb 21st 10:00 AM,Brentford,Brighton and Hove Albion,+105,+270,+250
soccer,epl,02/21/2026,Sat Feb 21st 12:30 PM,West Ham United,Bournemouth,+140,+270,+175
soccer,epl,02/21/2026,Sat Feb 21st 3:00 PM,Manchester City,Newcastle United,-235,+450,+500
